,previous_sim,optim_sim,enhance_rate:%,len_d,attribute,len_Cx,len_C
0,0.627906976744186,0.6122448979591837,103.0,14,"[0.0, 1.0, 4.0]",10,13
1,0.525,0.5166666666666667,102.0,0,"[2.0, 3.0, 5.0]",1,2
2,0.7058823529411765,0.7027027027027027,100.0,16,"[0.0, 1.0, 5.0]",4,5
